{
  "firstLayout": "",
  "gdVersion": {
    "build": 99,
    "major": 4,
    "minor": 0,
    "revision": 0
  },
  "properties": {
    "adaptGameResolutionAtRuntime": true,
    "folderProject": false,
    "orientation": "landscape",
    "packageName": "com.example.gamename",
    "pixelsRounding": false,
    "projectUuid": "2c838cb0-7e12-4ab9-834f-8484c09382ea",
    "scaleMode": "linear",
    "sizeOnStartupMode": "adaptWidth",
    "templateSlug": "",
    "useExternalSourceFiles": false,
    "version": "1.0.0",
    "name": "MasterMind",
    "description": "",
    "author": "",
    "windowWidth": 1280,
    "windowHeight": 720,
    "latestCompilationDirectory": "",
    "maxFPS": 60,
    "minFPS": 20,
    "verticalSync": false,
    "platformSpecificAssets": {},
    "loadingScreen": {
      "backgroundColor": 0,
      "backgroundFadeInDuration": 0.2,
      "backgroundImageResourceName": "",
      "gdevelopLogoStyle": "light",
      "logoAndProgressFadeInDuration": 0.2,
      "logoAndProgressLogoFadeInDelay": 0.2,
      "minDuration": 1.5,
      "progressBarColor": 16777215,
      "progressBarHeight": 20,
      "progressBarMaxWidth": 200,
      "progressBarMinWidth": 40,
      "progressBarWidthPercent": 30,
      "showGDevelopSplash": true,
      "showProgressBar": true
    },
    "authorIds": [],
    "categories": [],
    "playableDevices": [],
    "extensionProperties": [],
    "platforms": [
      {
        "name": "GDevelop JS platform"
      }
    ],
    "currentPlatform": "GDevelop JS platform"
  },
  "resources": {
    "resources": [
      {
        "alwaysLoaded": false,
        "file": "Idle-1.png",
        "kind": "image",
        "metadata": "",
        "name": "Idle-1.png",
        "smoothed": true,
        "userAdded": false
      },
      {
        "alwaysLoaded": false,
        "file": "Assets/Idle-1.png",
        "kind": "image",
        "metadata": "",
        "name": "Assets\\Idle-1.png",
        "smoothed": true,
        "userAdded": false
      },
      {
        "alwaysLoaded": false,
        "file": "Assets/Idle.png",
        "kind": "image",
        "metadata": "",
        "name": "Assets\\Idle.png",
        "smoothed": true,
        "userAdded": false
      },
      {
        "alwaysLoaded": false,
        "file": "Assets/Keep.png",
        "kind": "image",
        "metadata": "",
        "name": "Assets\\Keep.png",
        "smoothed": true,
        "userAdded": false
      },
      {
        "alwaysLoaded": false,
        "file": "Assets/EndIdle.png",
        "kind": "image",
        "metadata": "",
        "name": "Assets\\EndIdle.png",
        "smoothed": true,
        "userAdded": false
      },
      {
        "alwaysLoaded": false,
        "file": "Assets/Hand.png",
        "kind": "image",
        "metadata": "",
        "name": "Assets\\Hand.png",
        "smoothed": true,
        "userAdded": false
      },
      {
        "alwaysLoaded": false,
        "file": "https://asset-resources.gdevelop.io/public-resources/Abstract Platformer Pack (370 assets)/PNG/Other/d5c40038f513acf30eb4133000a5f51f208438f549e4786a6a29ae9e73caaced_Green button.png",
        "kind": "image",
        "metadata": "",
        "name": "Green button.png",
        "smoothed": true,
        "userAdded": false,
        "origin": {
          "identifier": "https://asset-resources.gdevelop.io/public-resources/Abstract Platformer Pack (370 assets)/PNG/Other/d5c40038f513acf30eb4133000a5f51f208438f549e4786a6a29ae9e73caaced_Green button.png",
          "name": "Green button.png"
        }
      },
      {
        "alwaysLoaded": false,
        "file": "https://asset-resources.gdevelop.io/public-resources/Abstract Platformer Pack (370 assets)/PNG/Other/b2b171566d6cb08c9785acf253392a4f2dcef72ff3f069b271afa15bbb0dbbb6_Green button_pressed.png",
        "kind": "image",
        "metadata": "",
        "name": "Green button_pressed.png",
        "smoothed": true,
        "userAdded": false,
        "origin": {
          "identifier": "https://asset-resources.gdevelop.io/public-resources/Abstract Platformer Pack (370 assets)/PNG/Other/b2b171566d6cb08c9785acf253392a4f2dcef72ff3f069b271afa15bbb0dbbb6_Green button_pressed.png",
          "name": "Green button_pressed.png"
        }
      },
      {
        "alwaysLoaded": false,
        "file": "Off-1.png",
        "kind": "image",
        "metadata": "",
        "name": "Off-1.png",
        "smoothed": true,
        "userAdded": false
      }
    ],
    "resourceFolders": []
  },
  "objects": [],
  "objectsGroups": [],
  "variables": [],
  "layouts": [
    {
      "b": 209,
      "disableInputWhenNotFocused": true,
      "mangledName": "Scena_32senza_32titolo",
      "name": "Scena senza titolo",
      "r": 209,
      "standardSortMethod": true,
      "stopSoundsOnStartup": true,
      "title": "",
      "v": 209,
      "uiSettings": {
        "grid": false,
        "gridType": "rectangular",
        "gridWidth": 32,
        "gridHeight": 32,
        "gridOffsetX": 0,
        "gridOffsetY": 0,
        "gridColor": 10401023,
        "gridAlpha": 0.8,
        "snap": false,
        "zoomFactor": 0.5014865861275546,
        "windowMask": false
      },
      "objectsGroups": [],
      "variables": [
        {
          "folded": true,
          "name": "Colors",
          "type": "structure",
          "children": [
            {
              "name": "Blue",
              "type": "string",
              "value": "0;0;255"
            },
            {
              "name": "Green",
              "type": "string",
              "value": "0;255;0"
            },
            {
              "name": "Red",
              "type": "string",
              "value": "255;0;0"
            },
            {
              "name": "White",
              "type": "string",
              "value": "255;255;255"
            },
            {
              "name": "Yellow",
              "type": "string",
              "value": "255;255;0"
            }
          ]
        },
        {
          "folded": true,
          "name": "Combination",
          "type": "string",
          "value": ""
        },
        {
          "folded": true,
          "name": "Status",
          "type": "string",
          "value": ""
        },
        {
          "name": "Wiring",
          "type": "boolean",
          "value": false
        },
        {
          "folded": true,
          "name": "currentColorRGB",
          "type": "string",
          "value": ""
        },
        {
          "folded": true,
          "name": "currentColor",
          "type": "string",
          "value": ""
        },
        {
          "folded": true,
          "name": "targetColor",
          "type": "string",
          "value": ""
        },
        {
          "folded": true,
          "name": "numberOfColors",
          "type": "number",
          "value": 0
        },
        {
          "folded": true,
          "name": "numberOfColorsLinked",
          "type": "number",
          "value": 0
        }
      ],
      "instances": [
        {
          "angle": 0,
          "customSize": false,
          "height": 0,
          "layer": "",
          "name": "SpStartWire",
          "persistentUuid": "6b24d750-b72a-4f24-a71f-92e6616a64a1",
          "width": 0,
          "x": 893,
          "y": 496,
          "zOrder": 1,
          "numberProperties": [],
          "stringProperties": [],
          "initialVariables": [
            {
              "folded": true,
              "name": "Color",
              "type": "string",
              "value": "Green"
            }
          ]
        },
        {
          "angle": 0,
          "customSize": false,
          "height": 0,
          "layer": "",
          "name": "SpStartWire",
          "persistentUuid": "4b37c51b-ca87-4d57-a18a-be47ee61c40a",
          "width": 0,
          "x": 893,
          "y": 84,
          "zOrder": 1,
          "numberProperties": [],
          "stringProperties": [],
          "initialVariables": [
            {
              "folded": true,
              "name": "Color",
              "type": "string",
              "value": "Red"
            }
          ]
        },
        {
          "angle": 0,
          "customSize": false,
          "height": 0,
          "layer": "",
          "name": "SpStartWire",
          "persistentUuid": "d68e16d9-ebc4-4321-8c1a-3f30135253bf",
          "width": 0,
          "x": 894,
          "y": 214,
          "zOrder": 1,
          "numberProperties": [],
          "stringProperties": [],
          "initialVariables": [
            {
              "folded": true,
              "name": "Color",
              "type": "string",
              "value": "Blue"
            }
          ]
        },
        {
          "angle": 0,
          "customSize": false,
          "height": 0,
          "layer": "",
          "name": "SpStartWire",
          "persistentUuid": "a6542c42-453b-4a49-80ea-9ecd03c8f51d",
          "width": 0,
          "x": 893,
          "y": 350,
          "zOrder": 1,
          "numberProperties": [],
          "stringProperties": [],
          "initialVariables": [
            {
              "folded": true,
              "name": "Color",
              "type": "string",
              "value": "Yellow"
            }
          ]
        },
        {
          "angle": 0,
          "customSize": false,
          "height": 0,
          "layer": "",
          "name": "SpEndWire",
          "persistentUuid": "6c7bad10-800d-467e-a80a-4afe4b1c32bb",
          "width": 0,
          "x": 138,
          "y": 67,
          "zOrder": 2,
          "numberProperties": [],
          "stringProperties": [],
          "initialVariables": [
            {
              "folded": true,
              "name": "ID",
              "type": "string",
              "value": "1"
            }
          ]
        },
        {
          "angle": 0,
          "customSize": false,
          "height": 0,
          "layer": "",
          "name": "SpEndWire",
          "persistentUuid": "37e5b055-b09c-4991-8cd7-7c74675082d6",
          "width": 0,
          "x": 149,
          "y": 227,
          "zOrder": 3,
          "numberProperties": [],
          "stringProperties": [],
          "initialVariables": [
            {
              "folded": true,
              "name": "ID",
              "type": "string",
              "value": "2"
            }
          ]
        },
        {
          "angle": 0,
          "customSize": false,
          "height": 0,
          "layer": "",
          "name": "SpEndWire",
          "persistentUuid": "ae6bdc23-43ca-45a7-a13b-3958edddbb46",
          "width": 0,
          "x": 140,
          "y": 407,
          "zOrder": 4,
          "numberProperties": [],
          "stringProperties": [],
          "initialVariables": [
            {
              "folded": true,
              "name": "ID",
              "type": "string",
              "value": "3"
            }
          ]
        },
        {
          "angle": 0,
          "customSize": false,
          "height": 0,
          "layer": "",
          "name": "SpEndWire",
          "persistentUuid": "7b461f6b-d2c2-45f2-a0e3-b2c43add6bde",
          "width": 0,
          "x": 147,
          "y": 544,
          "zOrder": 5,
          "numberProperties": [],
          "stringProperties": [],
          "initialVariables": [
            {
              "folded": true,
              "name": "ID",
              "type": "string",
              "value": "4"
            }
          ]
        },
        {
          "angle": 0,
          "customSize": false,
          "height": 0,
          "layer": "",
          "name": "TxtCounter",
          "persistentUuid": "89cbaad5-e07f-49fc-87e1-b0cb14379df3",
          "width": 0,
          "x": 502,
          "y": 32,
          "zOrder": 6,
          "numberProperties": [],
          "stringProperties": [],
          "initialVariables": []
        },
        {
          "angle": 0,
          "customSize": false,
          "height": 0,
          "layer": "",
          "name": "TxtCorrect",
          "persistentUuid": "0c91747f-a0e7-4f70-927c-834d46dd224e",
          "width": 0,
          "x": 506,
          "y": 110,
          "zOrder": 7,
          "numberProperties": [],
          "stringProperties": [],
          "initialVariables": []
        },
        {
          "angle": 0,
          "customSize": false,
          "height": 0,
          "layer": "",
          "name": "GreenButton",
          "persistentUuid": "583accfd-8be2-4a3d-9008-866b3beb88e6",
          "width": 0,
          "x": 377,
          "y": 630,
          "zOrder": 8,
          "numberProperties": [
            {
              "name": "animation",
              "value": 2
            }
          ],
          "stringProperties": [],
          "initialVariables": []
        }
      ],
      "objects": [
        {
          "assetStoreId": "",
          "name": "SpStartWire",
          "tags": "",
          "type": "Sprite",
          "updateIfNotVisible": false,
          "variables": [
            {
              "folded": true,
              "name": "Color",
              "type": "string",
              "value": ""
            },
            {
              "folded": true,
              "name": "ColorRGB",
              "type": "string",
              "value": ""
            }
          ],
          "effects": [],
          "behaviors": [],
          "animations": [
            {
              "name": "Idle",
              "useMultipleDirections": false,
              "directions": [
                {
                  "looping": false,
                  "timeBetweenFrames": 0.07999999821186066,
                  "sprites": [
                    {
                      "hasCustomCollisionMask": false,
                      "image": "Assets\\Idle.png",
                      "points": [],
                      "originPoint": {
                        "name": "origine",
                        "x": 0,
                        "y": 0
                      },
                      "centerPoint": {
                        "automatic": true,
                        "name": "centre",
                        "x": 0,
                        "y": 0
                      },
                      "customCollisionMask": []
                    }
                  ]
                }
              ]
            },
            {
              "name": "Keep",
              "useMultipleDirections": false,
              "directions": [
                {
                  "looping": false,
                  "timeBetweenFrames": 0.08,
                  "sprites": [
                    {
                      "hasCustomCollisionMask": false,
                      "image": "Assets\\Keep.png",
                      "points": [],
                      "originPoint": {
                        "name": "origine",
                        "x": 0,
                        "y": 0
                      },
                      "centerPoint": {
                        "automatic": true,
                        "name": "centre",
                        "x": 0,
                        "y": 0
                      },
                      "customCollisionMask": []
                    }
                  ]
                }
              ]
            }
          ]
        },
        {
          "assetStoreId": "",
          "name": "SpEndWire",
          "tags": "",
          "type": "Sprite",
          "updateIfNotVisible": false,
          "variables": [
            {
              "folded": true,
              "name": "color",
              "type": "string",
              "value": ""
            },
            {
              "folded": true,
              "name": "linked",
              "type": "boolean",
              "value": false
            },
            {
              "folded": true,
              "name": "ID",
              "type": "string",
              "value": ""
            }
          ],
          "effects": [],
          "behaviors": [],
          "animations": [
            {
              "name": "",
              "useMultipleDirections": false,
              "directions": [
                {
                  "looping": false,
                  "timeBetweenFrames": 0.08,
                  "sprites": [
                    {
                      "hasCustomCollisionMask": false,
                      "image": "Assets\\EndIdle.png",
                      "points": [],
                      "originPoint": {
                        "name": "origine",
                        "x": 0,
                        "y": 0
                      },
                      "centerPoint": {
                        "automatic": true,
                        "name": "centre",
                        "x": 0,
                        "y": 0
                      },
                      "customCollisionMask": []
                    }
                  ]
                }
              ]
            }
          ]
        },
        {
          "assetStoreId": "",
          "bold": false,
          "italic": false,
          "name": "TxtCounter",
          "smoothed": true,
          "tags": "",
          "type": "TextObject::Text",
          "underlined": false,
          "variables": [],
          "effects": [],
          "behaviors": [],
          "string": "Text",
          "font": "",
          "textAlignment": "left",
          "characterSize": 40,
          "color": {
            "b": 0,
            "g": 0,
            "r": 0
          }
        },
        {
          "assetStoreId": "",
          "bold": false,
          "italic": false,
          "name": "TxtCorrect",
          "smoothed": true,
          "tags": "",
          "type": "TextObject::Text",
          "underlined": false,
          "variables": [],
          "effects": [],
          "behaviors": [],
          "string": "Text",
          "font": "",
          "textAlignment": "left",
          "characterSize": 40,
          "color": {
            "b": 0,
            "g": 0,
            "r": 0
          }
        },
        {
          "assetStoreId": "",
          "name": "ShpWire",
          "tags": "",
          "type": "PrimitiveDrawing::Drawer",
          "variables": [
            {
              "folded": true,
              "name": "Color",
              "type": "string",
              "value": ""
            },
            {
              "folded": true,
              "name": "ColorRGB",
              "type": "string",
              "value": ""
            },
            {
              "folded": true,
              "name": "Position",
              "type": "structure",
              "children": [
                {
                  "name": "EndX",
                  "type": "string",
                  "value": ""
                },
                {
                  "name": "EndY",
                  "type": "string",
                  "value": ""
                },
                {
                  "name": "StartX",
                  "type": "string",
                  "value": ""
                },
                {
                  "name": "StartY",
                  "type": "string",
                  "value": ""
                }
              ]
            },
            {
              "folded": true,
              "name": "Status",
              "type": "string",
              "value": ""
            }
          ],
          "effects": [],
          "behaviors": [],
          "fillOpacity": 255,
          "outlineSize": 1,
          "outlineOpacity": 255,
          "fillColor": {
            "b": 255,
            "g": 255,
            "r": 255
          },
          "outlineColor": {
            "b": 0,
            "g": 0,
            "r": 0
          },
          "absoluteCoordinates": false,
          "clearBetweenFrames": true
        },
        {
          "assetStoreId": "",
          "name": "SprHand",
          "tags": "",
          "type": "Sprite",
          "updateIfNotVisible": false,
          "variables": [],
          "effects": [],
          "behaviors": [],
          "animations": [
            {
              "name": "Hand",
              "useMultipleDirections": false,
              "directions": [
                {
                  "looping": false,
                  "timeBetweenFrames": 0.07999999821186066,
                  "sprites": [
                    {
                      "hasCustomCollisionMask": false,
                      "image": "Assets\\Hand.png",
                      "points": [],
                      "originPoint": {
                        "name": "origine",
                        "x": 0,
                        "y": 0
                      },
                      "centerPoint": {
                        "automatic": true,
                        "name": "centre",
                        "x": 0,
                        "y": 0
                      },
                      "customCollisionMask": []
                    }
                  ]
                }
              ]
            }
          ]
        },
        {
          "assetStoreId": "b06257fd226800d8433f40bd8199e74712b378d37b74c8bbb83352a179a4eff1",
          "name": "GreenButton",
          "tags": "",
          "type": "Sprite",
          "updateIfNotVisible": false,
          "variables": [],
          "effects": [],
          "behaviors": [],
          "animations": [
            {
              "name": "notPressed",
              "useMultipleDirections": false,
              "directions": [
                {
                  "looping": true,
                  "timeBetweenFrames": 0.025,
                  "sprites": [
                    {
                      "hasCustomCollisionMask": false,
                      "image": "Green button.png",
                      "points": [],
                      "originPoint": {
                        "name": "origine",
                        "x": 0,
                        "y": 0
                      },
                      "centerPoint": {
                        "automatic": true,
                        "name": "centre",
                        "x": 0,
                        "y": 0
                      },
                      "customCollisionMask": []
                    }
                  ]
                }
              ]
            },
            {
              "name": "pressed",
              "useMultipleDirections": false,
              "directions": [
                {
                  "looping": true,
                  "timeBetweenFrames": 0.025,
                  "sprites": [
                    {
                      "hasCustomCollisionMask": false,
                      "image": "Green button_pressed.png",
                      "points": [],
                      "originPoint": {
                        "name": "origine",
                        "x": 0,
                        "y": 0
                      },
                      "centerPoint": {
                        "automatic": true,
                        "name": "centre",
                        "x": 0,
                        "y": 0
                      },
                      "customCollisionMask": []
                    }
                  ]
                }
              ]
            },
            {
              "name": "Off",
              "useMultipleDirections": false,
              "directions": [
                {
                  "looping": false,
                  "timeBetweenFrames": 0.08,
                  "sprites": [
                    {
                      "hasCustomCollisionMask": false,
                      "image": "Off-1.png",
                      "points": [],
                      "originPoint": {
                        "name": "origine",
                        "x": 0,
                        "y": 0
                      },
                      "centerPoint": {
                        "automatic": true,
                        "name": "centre",
                        "x": 0,
                        "y": 0
                      },
                      "customCollisionMask": []
                    }
                  ]
                }
              ]
            }
          ]
        }
      ],
      "events": [
        {
          "folded": true,
          "type": "BuiltinCommonInstructions::Standard",
          "conditions": [
            {
              "type": {
                "value": "DepartScene"
              },
              "parameters": [
                ""
              ]
            }
          ],
          "actions": [
            {
              "type": {
                "value": "CacheSouris"
              },
              "parameters": [
                ""
              ]
            },
            {
              "type": {
                "value": "ModVarSceneTxt"
              },
              "parameters": [
                "Status",
                "=",
                "\"Play\""
              ]
            },
            {
              "type": {
                "value": "Create"
              },
              "parameters": [
                "",
                "SprHand",
                "1",
                "1",
                "\"\""
              ]
            },
            {
              "type": {
                "value": "ModVarSceneTxt"
              },
              "parameters": [
                "currentColorRGB",
                "=",
                "VariableString(Colors.White)"
              ]
            },
            {
              "type": {
                "value": "ModVarSceneTxt"
              },
              "parameters": [
                "currentColor",
                "=",
                "\"White\""
              ]
            },
            {
              "type": {
                "value": "ModVarSceneTxt"
              },
              "parameters": [
                "Combination",
                "=",
                "\"----\""
              ]
            },
            {
              "type": {
                "value": "ModVarSceneTxt"
              },
              "parameters": [
                "targetColor",
                "=",
                "\"\""
              ]
            },
            {
              "type": {
                "value": "ModVarScene"
              },
              "parameters": [
                "numberOfColors",
                "=",
                "0"
              ]
            },
            {
              "type": {
                "value": "ModVarScene"
              },
              "parameters": [
                "numberOfColorsLinked",
                "=",
                "0"
              ]
            }
          ],
          "events": [
            {
              "type": "BuiltinCommonInstructions::ForEach",
              "object": "SpStartWire",
              "conditions": [],
              "actions": [
                {
                  "type": {
                    "value": "ChangeColor"
                  },
                  "parameters": [
                    "SpStartWire",
                    "VariableString(Colors[SpStartWire.VariableString(Color)])"
                  ]
                },
                {
                  "type": {
                    "value": "ModVarObjetTxt"
                  },
                  "parameters": [
                    "SpStartWire",
                    "ColorRGB",
                    "=",
                    "VariableString(Colors[SpStartWire.VariableString(Color)])"
                  ]
                },
                {
                  "type": {
                    "value": "ModVarSceneTxt"
                  },
                  "parameters": [
                    "Combination",
                    "=",
                    "\"----\""
                  ]
                },
                {
                  "type": {
                    "value": "ModVarSceneTxt"
                  },
                  "parameters": [
                    "targetColor",
                    "=",
                    "VariableString(targetColor)+SubStr(SpStartWire.VariableString(Color),0,1)"
                  ]
                },
                {
                  "type": {
                    "value": "ModVarScene"
                  },
                  "parameters": [
                    "numberOfColors",
                    "+",
                    "1"
                  ]
                }
              ]
            },
            {
              "type": "BuiltinCommonInstructions::JsCode",
              "inlineCode": [
                "var sceneVarString = runtimeScene.getVariables().get(\"targetColor\").getAsString();",
                "    var a = sceneVarString.split(\"\"),",
                "        n = a.length;",
                "    for(var i = n - 1; i > 0; i--) {",
                "        var j = Math.floor(Math.random() * (i + 1));",
                "        var tmp = a[i];",
                "        a[i] = a[j];",
                "        a[j] = tmp;",
                "    }",
                "runtimeScene.getVariables().get(\"targetColor\").setString(a.join(\"\"));"
              ],
              "parameterObjects": "",
              "useStrict": true,
              "eventsSheetExpanded": false
            },
            {
              "type": "BuiltinCommonInstructions::Standard",
              "conditions": [],
              "actions": [
                {
                  "type": {
                    "value": "TextObject::String"
                  },
                  "parameters": [
                    "TxtCorrect",
                    "=",
                    "VariableString(targetColor)"
                  ]
                }
              ]
            }
          ]
        },
        {
          "type": "BuiltinCommonInstructions::Standard",
          "conditions": [],
          "actions": [
            {
              "type": {
                "value": "MettreXY"
              },
              "parameters": [
                "SprHand",
                "=",
                "MouseX(\"\",0)",
                "=",
                "MouseY(\"\",0)"
              ]
            }
          ]
        },
        {
          "folded": true,
          "type": "BuiltinCommonInstructions::Standard",
          "conditions": [
            {
              "type": {
                "value": "MouseButtonPressed"
              },
              "parameters": [
                "",
                "Left"
              ]
            },
            {
              "type": {
                "value": "CollisionNP"
              },
              "parameters": [
                "SprHand",
                "SpStartWire",
                "",
                "",
                ""
              ]
            },
            {
              "type": {
                "value": "BuiltinCommonInstructions::Once"
              },
              "parameters": []
            }
          ],
          "actions": [],
          "events": [
            {
              "type": "BuiltinCommonInstructions::ForEach",
              "object": "ShpWire",
              "conditions": [],
              "actions": [],
              "events": [
                {
                  "type": "BuiltinCommonInstructions::Standard",
                  "conditions": [
                    {
                      "type": {
                        "value": "VarObjetTxt"
                      },
                      "parameters": [
                        "ShpWire",
                        "Color",
                        "=",
                        "SpStartWire.VariableString(Color)"
                      ]
                    }
                  ],
                  "actions": [
                    {
                      "type": {
                        "value": "Delete"
                      },
                      "parameters": [
                        "ShpWire",
                        ""
                      ]
                    }
                  ]
                },
                {
                  "type": "BuiltinCommonInstructions::Standard",
                  "conditions": [
                    {
                      "type": {
                        "value": "VarObjetTxt"
                      },
                      "parameters": [
                        "ShpWire",
                        "Status",
                        "=",
                        "\"Moving\""
                      ]
                    }
                  ],
                  "actions": [
                    {
                      "type": {
                        "value": "Delete"
                      },
                      "parameters": [
                        "ShpWire",
                        ""
                      ]
                    }
                  ]
                }
              ]
            },
            {
              "type": "BuiltinCommonInstructions::Standard",
              "conditions": [],
              "actions": [
                {
                  "type": {
                    "value": "Create"
                  },
                  "parameters": [
                    "",
                    "ShpWire",
                    "1",
                    "1",
                    "\"\""
                  ]
                },
                {
                  "type": {
                    "value": "PrimitiveDrawing::OutlineColor"
                  },
                  "parameters": [
                    "ShpWire",
                    "VariableString(Colors[SpStartWire.VariableString(Color)])"
                  ]
                },
                {
                  "type": {
                    "value": "ModVarObjetTxt"
                  },
                  "parameters": [
                    "ShpWire",
                    "ColorRGB",
                    "=",
                    "VariableString(Colors[SpStartWire.VariableString(Color)])"
                  ]
                },
                {
                  "type": {
                    "value": "ModVarObjetTxt"
                  },
                  "parameters": [
                    "ShpWire",
                    "Status",
                    "=",
                    "\"Moving\""
                  ]
                },
                {
                  "type": {
                    "value": "ModVarObjet"
                  },
                  "parameters": [
                    "ShpWire",
                    "Position.StartX",
                    "=",
                    "SpStartWire.X()"
                  ]
                },
                {
                  "type": {
                    "value": "ModVarObjet"
                  },
                  "parameters": [
                    "ShpWire",
                    "Position.StartY",
                    "=",
                    "SpStartWire.Y()"
                  ]
                },
                {
                  "type": {
                    "value": "ModVarObjetTxt"
                  },
                  "parameters": [
                    "ShpWire",
                    "Color",
                    "=",
                    "SpStartWire.VariableString(Color)"
                  ]
                },
                {
                  "type": {
                    "value": "ModVarSceneTxt"
                  },
                  "parameters": [
                    "currentColor",
                    "=",
                    "SpStartWire.VariableString(Color)"
                  ]
                },
                {
                  "type": {
                    "value": "ModVarSceneTxt"
                  },
                  "parameters": [
                    "currentColorRGB",
                    "=",
                    "VariableString(Colors[SpStartWire.VariableString(Color)])"
                  ]
                }
              ]
            }
          ]
        },
        {
          "folded": true,
          "type": "BuiltinCommonInstructions::Standard",
          "conditions": [
            {
              "type": {
                "value": "MouseButtonPressed"
              },
              "parameters": [
                "",
                "Left"
              ]
            },
            {
              "type": {
                "value": "CollisionNP"
              },
              "parameters": [
                "SprHand",
                "SpEndWire",
                "",
                "",
                ""
              ]
            },
            {
              "type": {
                "value": "BuiltinCommonInstructions::Once"
              },
              "parameters": []
            }
          ],
          "actions": [],
          "events": [
            {
              "type": "BuiltinCommonInstructions::ForEach",
              "object": "ShpWire",
              "conditions": [
                {
                  "type": {
                    "value": "VarObjetTxt"
                  },
                  "parameters": [
                    "ShpWire",
                    "Status",
                    "=",
                    "\"Moving\""
                  ]
                },
                {
                  "type": {
                    "value": "ObjectVariableAsBoolean"
                  },
                  "parameters": [
                    "SpEndWire",
                    "linked",
                    "False"
                  ]
                }
              ],
              "actions": [
                {
                  "type": {
                    "value": "ModVarObjetTxt"
                  },
                  "parameters": [
                    "ShpWire",
                    "Status",
                    "=",
                    "\"Linked\""
                  ]
                },
                {
                  "type": {
                    "value": "ModVarObjetTxt"
                  },
                  "parameters": [
                    "SpEndWire",
                    "color",
                    "=",
                    "ShpWire.VariableString(Color)"
                  ]
                },
                {
                  "type": {
                    "value": "ChangeColor"
                  },
                  "parameters": [
                    "SpEndWire",
                    " VariableString(currentColorRGB)"
                  ]
                },
                {
                  "type": {
                    "value": "SetObjectVariableAsBoolean"
                  },
                  "parameters": [
                    "SpEndWire",
                    "linked",
                    "True"
                  ]
                },
                {
                  "type": {
                    "value": "ModVarScene"
                  },
                  "parameters": [
                    "numberOfColorsLinked",
                    "+",
                    "1"
                  ]
                }
              ],
              "events": [
                {
                  "type": "BuiltinCommonInstructions::Standard",
                  "conditions": [],
                  "actions": [
                    {
                      "type": {
                        "value": "ModVarObjet"
                      },
                      "parameters": [
                        "ShpWire",
                        "Position.EndX",
                        "=",
                        "SpEndWire.X()"
                      ]
                    },
                    {
                      "type": {
                        "value": "ModVarObjet"
                      },
                      "parameters": [
                        "ShpWire",
                        "Position.EndY",
                        "=",
                        "SpEndWire.Y()"
                      ]
                    }
                  ]
                },
                {
                  "folded": true,
                  "type": "BuiltinCommonInstructions::Standard",
                  "conditions": [],
                  "actions": [
                    {
                      "type": {
                        "value": "ModVarSceneTxt"
                      },
                      "parameters": [
                        "TmpSubstring",
                        "=",
                        "SubStr((VariableString(currentColor)),0,1)"
                      ]
                    }
                  ],
                  "events": [
                    {
                      "type": "BuiltinCommonInstructions::Standard",
                      "conditions": [
                        {
                          "type": {
                            "value": "VarObjetTxt"
                          },
                          "parameters": [
                            "SpEndWire",
                            "ID",
                            "=",
                            "\"1\""
                          ]
                        }
                      ],
                      "actions": [
                        {
                          "type": {
                            "value": "ModVarSceneTxt"
                          },
                          "parameters": [
                            "Combination",
                            "=",
                            "VariableString(TmpSubstring)+SubStr(VariableString(Combination),1,3)"
                          ]
                        }
                      ]
                    },
                    {
                      "type": "BuiltinCommonInstructions::Standard",
                      "conditions": [
                        {
                          "type": {
                            "value": "VarObjetTxt"
                          },
                          "parameters": [
                            "SpEndWire",
                            "ID",
                            "!=",
                            "\"1\""
                          ]
                        }
                      ],
                      "actions": [
                        {
                          "type": {
                            "value": "ModVarScene"
                          },
                          "parameters": [
                            "TmpPosition",
                            "=",
                            "ToNumber(SpEndWire.VariableString(ID))-1"
                          ]
                        },
                        {
                          "type": {
                            "value": "ModVarSceneTxt"
                          },
                          "parameters": [
                            "Combination",
                            "=",
                            "SubStr(VariableString(Combination),0,Variable(TmpPosition))+VariableString(TmpSubstring)+SubStr(VariableString(Combination),Variable(TmpPosition)+1,4)"
                          ]
                        }
                      ]
                    }
                  ]
                },
                {
                  "type": "BuiltinCommonInstructions::Standard",
                  "conditions": [],
                  "actions": [
                    {
                      "type": {
                        "value": "ModVarSceneTxt"
                      },
                      "parameters": [
                        "currentColorRGB",
                        "=",
                        "VariableString(Colors.White)"
                      ]
                    },
                    {
                      "type": {
                        "value": "ModVarSceneTxt"
                      },
                      "parameters": [
                        "currentColor",
                        "=",
                        "\"White\""
                      ]
                    }
                  ]
                },
                {
                  "type": "BuiltinCommonInstructions::Standard",
                  "conditions": [
                    {
                      "type": {
                        "value": "VarScene"
                      },
                      "parameters": [
                        "numberOfColorsLinked",
                        "=",
                        "Variable(numberOfColors)"
                      ]
                    }
                  ],
                  "actions": [
                    {
                      "type": {
                        "value": "ChangeAnimation"
                      },
                      "parameters": [
                        "GreenButton",
                        "=",
                        "0"
                      ]
                    }
                  ]
                }
              ]
            }
          ]
        },
        {
          "folded": true,
          "type": "BuiltinCommonInstructions::ForEach",
          "object": "ShpWire",
          "conditions": [],
          "actions": [],
          "events": [
            {
              "type": "BuiltinCommonInstructions::Standard",
              "conditions": [
                {
                  "type": {
                    "value": "VarObjetTxt"
                  },
                  "parameters": [
                    "ShpWire",
                    "Status",
                    "=",
                    "\"Moving\""
                  ]
                }
              ],
              "actions": [
                {
                  "type": {
                    "value": "ModVarObjet"
                  },
                  "parameters": [
                    "ShpWire",
                    "Position.EndX",
                    "=",
                    "MouseX(\"\",0)"
                  ]
                },
                {
                  "type": {
                    "value": "ModVarObjet"
                  },
                  "parameters": [
                    "ShpWire",
                    "Position.EndY",
                    "=",
                    "MouseY(\"\",0)"
                  ]
                }
              ]
            },
            {
              "type": "BuiltinCommonInstructions::Standard",
              "conditions": [],
              "actions": [
                {
                  "type": {
                    "value": "PrimitiveDrawing::LineV2"
                  },
                  "parameters": [
                    "ShpWire",
                    "ShpWire.Variable(Position.StartX)",
                    "ShpWire.Variable(Position.StartY)",
                    "ShpWire.Variable(Position.EndX)",
                    "ShpWire.Variable(Position.EndY)",
                    "10"
                  ]
                }
              ]
            }
          ]
        },
        {
          "type": "BuiltinCommonInstructions::Standard",
          "conditions": [
            {
              "type": {
                "value": "CollisionNP"
              },
              "parameters": [
                "GreenButton",
                "SprHand",
                "",
                "",
                ""
              ]
            },
            {
              "type": {
                "value": "MouseButtonPressed"
              },
              "parameters": [
                "",
                "Left"
              ]
            },
            {
              "type": {
                "value": "VarScene"
              },
              "parameters": [
                "numberOfColorsLinked",
                "=",
                "Variable(numberOfColors)"
              ]
            },
            {
              "type": {
                "value": "BuiltinCommonInstructions::Once"
              },
              "parameters": []
            }
          ],
          "actions": [
            {
              "type": {
                "value": "ChangeAnimation"
              },
              "parameters": [
                "GreenButton",
                "=",
                "1"
              ]
            }
          ]
        },
        {
          "type": "BuiltinCommonInstructions::Standard",
          "conditions": [
            {
              "type": {
                "value": "CollisionNP"
              },
              "parameters": [
                "GreenButton",
                "SprHand",
                "",
                "",
                ""
              ]
            },
            {
              "type": {
                "value": "VarScene"
              },
              "parameters": [
                "numberOfColorsLinked",
                "=",
                "Variable(numberOfColors)"
              ]
            },
            {
              "type": {
                "value": "MouseButtonReleased"
              },
              "parameters": [
                "",
                "Left"
              ]
            }
          ],
          "actions": [
            {
              "type": {
                "value": "ChangeAnimation"
              },
              "parameters": [
                "GreenButton",
                "=",
                "0"
              ]
            }
          ],
          "events": [
            {
              "type": "BuiltinCommonInstructions::Standard",
              "conditions": [
                {
                  "type": {
                    "value": "VarSceneTxt"
                  },
                  "parameters": [
                    "Combination",
                    "=",
                    "VariableString(targetColor)"
                  ]
                }
              ],
              "actions": [
                {
                  "type": {
                    "value": "TextObject::String"
                  },
                  "parameters": [
                    "TxtCounter",
                    "=",
                    "\"OK\""
                  ]
                }
              ]
            },
            {
              "type": "BuiltinCommonInstructions::Standard",
              "conditions": [
                {
                  "type": {
                    "value": "VarSceneTxt"
                  },
                  "parameters": [
                    "Combination",
                    "!=",
                    "VariableString(targetColor)"
                  ]
                }
              ],
              "actions": [
                {
                  "type": {
                    "value": "TextObject::String"
                  },
                  "parameters": [
                    "TxtCounter",
                    "=",
                    "\"KO\""
                  ]
                }
              ]
            },
            {
              "type": "BuiltinCommonInstructions::Standard",
              "conditions": [],
              "actions": [
                {
                  "type": {
                    "value": "ModVarScene"
                  },
                  "parameters": [
                    "numberOfColorsLinked",
                    "=",
                    "0"
                  ]
                }
              ]
            }
          ]
        },
        {
          "disabled": true,
          "type": "BuiltinCommonInstructions::Standard",
          "conditions": [],
          "actions": [
            {
              "type": {
                "value": "DebuggerTools::ConsoleLog"
              },
              "parameters": [
                "VariableString(Combination)",
                "\"info\"",
                "\"Linkati\""
              ]
            },
            {
              "type": {
                "value": "DebuggerTools::ConsoleLog"
              },
              "parameters": [
                "VariableString(targetColor)",
                "\"info\"",
                "\"Previsti\""
              ]
            }
          ]
        }
      ],
      "layers": [
        {
          "ambientLightColorB": 0,
          "ambientLightColorG": 8034696,
          "ambientLightColorR": 16,
          "followBaseLayerCamera": false,
          "isLightingLayer": false,
          "name": "",
          "visibility": true,
          "cameras": [
            {
              "defaultSize": true,
              "defaultViewport": true,
              "height": 0,
              "viewportBottom": 1,
              "viewportLeft": 0,
              "viewportRight": 1,
              "viewportTop": 0,
              "width": 0
            }
          ],
          "effects": []
        }
      ],
      "behaviorsSharedData": []
    }
  ],
  "externalEvents": [],
  "eventsFunctionsExtensions": [],
  "externalLayouts": [
    {
      "associatedLayout": "",
      "name": "Untitled external layout",
      "instances": [],
      "editionSettings": {}
    }
  ],
  "externalSourceFiles": []
}